{
    "fixeddot": {
        "1": {
            "x": 0,
            "y": 0
        }
    },
    "movabledot": {
        "1": {
            "x": 10,
            "y": 35
        },
        "2": {
            "x": 5,
            "y": 10
        }
    },
    "swivel": {
        "1": {
            "x_m": -30,
            "y_m": 0,
            "r": 11.180339887498949,
            "phi": 1.1071487177940904
        }
    },
    "connectionlinks": {
        "1": {
            "dot1": {
                "x": 0,
                "y": 0
            },
            "dot2": {
                "x": 10,
                "y": 35
            }
        },
        "2": {
            "dot1": {
                "x": 10,
                "y": 35
            },
            "dot2": {
                "x": 5,
                "y": 10
            }
        },
        "3": {
            "dot1": {
                "x": 5,
                "y": 10
            },
            "dot2": {
                "x_m": -30,
                "y_m": 0,
                "r": 11.180339887498949,
                "phi": 1.1071487177940904
            }
        },
        "4": {
            "dot1": {
                "x": 5,
                "y": 10
            },
            "dot2": {
                "x": 0,
                "y": 0
            }
        }
    }
}