{
    "fixeddot": {
        "1": {
            "x": 0,
            "y": 0,
            "id": "p0"
        }
    },
    "movabledot": {
        "1": {
            "x": 10,
            "y": 35,
            "id": "p1"
        }
    },
    "swivel": {
        "1": {
            "x_m": -30,
            "y_m": 0,
            "r": 11.180339887498949,
            "phi": 1.1071487177940904,
            "id": "p2"
        }
    },
    "connectionlinks": {
        "1": {
            "dot1": {
                "x": 0,
                "y": 0,
                "id": "p0"
            },
            "dot2": {
                "x": 10,
                "y": 35,
                "id": "p1"
            }
        },
        "2": {
            "dot1": {
                "x": 10,
                "y": 35,
                "id": "p1"
            },
            "dot2": {
                "x_m": -30,
                "y_m": 0,
                "r": 11.180339887498949,
                "phi": 1.1071487177940904,
                "id": "p2"
            }
        }
    }
}