{"fixeddot": {"1": {"x": -28, "y": -5, "id": "f"}, "2": {"x": 28, "y": -5, "id": "f2"}}, "movabledot": {"1": {"x": -16, "y": 23, "id": "a"}, "2": {"x": -54, "y": 6.5, "id": "b"}, "3": {"x": -44, "y": -21.5, "id": "c"}, "4": {"x": -21, "y": -35, "id": "d"}, "5": {"x": -35, "y": -70, "id": "e"}, "6": {"x": 33.93072639447164, "y": 24.88020221541209, "id": "a2"}, "7": {"x": 55.947804291478, "y": -10.212507581312847, "id": "b2"}, "8": {"x": 72.35517987650988, "y": -35.00762860162045, "id": "c2"}, "9": {"x": 46.18649895184087, "y": -29.864658772536796, "id": "d2"}, "10": {"x": 33.46172075954302, "y": -65.34817635403964, "id": "e2"}}, "swivel": {"1": {"x_m": 0, "y_m": 0, "r": 10, "phi": 0, "id": "s"}}, "connectionlinks": {"1": {"dot1": {"x_m": 0, "y_m": 0, "r": 10, "phi": 0, "id": "s"}, "dot2": {"x": -16, "y": 23, "id": "a"}}, "2": {"dot1": {"x_m": 0, "y_m": 0, "r": 10, "phi": 0, "id": "s"}, "dot2": {"x": -21, "y": -35, "id": "d"}}, "3": {"dot1": {"x": -16, "y": 23, "id": "a"}, "dot2": {"x": -28, "y": -5, "id": "f"}}, "4": {"dot1": {"x": -16, "y": 23, "id": "a"}, "dot2": {"x": -54, "y": 6.5, "id": "b"}}, "5": {"dot1": {"x": -54, "y": 6.5, "id": "b"}, "dot2": {"x": -28, "y": -5, "id": "f"}}, "6": {"dot1": {"x": -54, "y": 6.5, "id": "b"}, "dot2": {"x": -44, "y": -21.5, "id": "c"}}, "7": {"dot1": {"x": -44, "y": -21.5, "id": "c"}, "dot2": {"x": -21, "y": -35, "id": "d"}}, "8": {"dot1": {"x": -44, "y": -21.5, "id": "c"}, "dot2": {"x": -35, "y": -70, "id": "e"}}, "9": {"dot1": {"x": -35, "y": -70, "id": "e"}, "dot2": {"x": -21, "y": -35, "id": "d"}}, "10": {"dot1": {"x": -21, "y": -35, "id": "d"}, "dot2": {"x": -28, "y": -5, "id": "f"}}, "11": {"dot1": {"x_m": 0, "y_m": 0, "r": 10, "phi": 0, "id": "s"}, "dot2": {"x": 33.93072639447164, "y": 24.88020221541209, "id": "a2"}}, "12": {"dot1": {"x_m": 0, "y_m": 0, "r": 10, "phi": 0, "id": "s"}, "dot2": {"x": 46.18649895184087, "y": -29.864658772536796, "id": "d2"}}, "13": {"dot1": {"x": 33.93072639447164, "y": 24.88020221541209, "id": "a2"}, "dot2": {"x": 28, "y": -5, "id": "f2"}}, "14": {"dot1": {"x": 33.93072639447164, "y": 24.88020221541209, "id": "a2"}, "dot2": {"x": 55.947804291478, "y": -10.212507581312847, "id": "b2"}}, "15": {"dot1": {"x": 55.947804291478, "y": -10.212507581312847, "id": "b2"}, "dot2": {"x": 28, "y": -5, "id": "f2"}}, "16": {"dot1": {"x": 55.947804291478, "y": -10.212507581312847, "id": "b2"}, "dot2": {"x": 72.35517987650988, "y": -35.00762860162045, "id": "c2"}}, "17": {"dot1": {"x": 72.35517987650988, "y": -35.00762860162045, "id": "c2"}, "dot2": {"x": 46.18649895184087, "y": -29.864658772536796, "id": "d2"}}, "18": {"dot1": {"x": 72.35517987650988, "y": -35.00762860162045, "id": "c2"}, "dot2": {"x": 33.46172075954302, "y": -65.34817635403964, "id": "e2"}}, "19": {"dot1": {"x": 33.46172075954302, "y": -65.34817635403964, "id": "e2"}, "dot2": {"x": 46.18649895184087, "y": -29.864658772536796, "id": "d2"}}, "20": {"dot1": {"x": 46.18649895184087, "y": -29.864658772536796, "id": "d2"}, "dot2": {"x": 28, "y": -5, "id": "f2"}}}}